name,group,max,min,mean,median
Shakhtar Donetsk,a,2.9,2.9,2.8999999999999999,2.8999999999999999
Benfica,c,24.0,24.0,24.0,24.0
