name,group,max,min,mean,median,twentyfive,seventyfive
atletico madrid,a,1.22,1.13,1.1709999999999998,1.1699999999999999,1.1499999999999999,1.1850000000000001
juventus,a,5.0,4.0,4.4975000000000005,4.5,4.3300000000000001,4.5625
bayer leverkusen,c,1.67,1.4,1.552,1.55,1.48,1.6549999999999998
monaco,c,4.0,1.02,3.0125000000000002,3.0,2.8600000000000003,3.25
zenit,c,8.5,6.7,7.6099999999999994,7.5,7.375,8.0
dortmund,d,1.05,1.01,1.032,1.0350000000000001,1.02,1.04
arsenal,d,17.0,9.0,12.040000000000001,11.0,9.75,15.0
barcelona,f,1.57,1.13,1.4909523809523808,1.53,1.5,1.53
psg,f,2.75,2.13,2.4457142857142857,2.3799999999999999,2.3700000000000001,2.6000000000000001
