name,group,max,min,mean,median
PAOK Saloniki,l,1.8,1.72,1.7637500000000004,1.7650000000000001
AZ Alkmaar,l,2.0,1.9,1.9637500000000001,2.0
